{
  "result_0B": 9.165763449117867,
  "result_0C": 9.165763449117867
}