{
  "2025\\05": 0,
  "2025\\05\\16": 1747438600.957836,
  "2025\\05\\17": 1747470278.466923,
  "2025\\05\\18": 1747558671.3038585,
  "2025\\05\\19": 1747657155.8383176,
  "2025\\05\\22": 1747918730.0110679,
  "2025\\05\\23": 1748016939.9260802,
  "2025\\05\\24": 1748048758.697621
}